{
  "project_info": {
    "project_number": "333673696069",
    "project_id": "miu-app-2145e",
    "storage_bucket": "miu-app-2145e.firebasestorage.app"
  },
  "client": [
    {
      "client_info": {
        "mobilesdk_app_id": "1:333673696069:android:16ec6141b4ceb44c580c2c",
        "android_client_info": {
          "package_name": "com.example.miu_app"
        }
      },
      "oauth_client": [],
      "api_key": [
        {
          "current_key": "AIzaSyA4xhTVcO35pyOJmwbEXxtojJewAdeTW_o"
        }
      ],
      "services": {
        "appinvite_service": {
          "other_platform_oauth_client": []
        }
      }
    }
  ],
  "configuration_version": "1"
}